-7,79930028290825 -6,56080735472538 -14,7544605201684 0,93 14Her
20,1504574209759 3,17522196576255 -5,54652569484494 1,13 16CygB
-30,1218471461445 -14,5035307647623 -21,9618287002676 8,5 18Del
14,0596548132169 -37,4476448729848 0 4,9 24Sex
-4,00654521428699 13,2975895304492 30,8457786047874 0,37 2MASSJ01225093-2439505
-10,4558002286212 -3,06875391749336 -38,4871276009659 0,28 2MASSJ02192210-3925225
10,6600454171034 -3,57258670537244 -38,3874986934274 0,22 2MASSJ12073346-3932539
-39,0419835536013 7,46833628762202 4,46625942991595 0,64 2MASSJ22362452+4751425
0,506070459278251 17,501262870809 -35,9645615935616 1,41 30AriB
-0,640667546202783 -9,32257124644191 10,1502778947306 1,21 47UMa
-11,6985996283997 -3,43962295281595 -27,1444389687256 1,49 51Eri
2,23390657692722 -5,87061297613276 14,1280025003545 1,18 51Peg
-4,40437871310551 -11,332371999069 3,25170774767054 0,94 55Cnc
-4,12809430008097 -1,30700920916452 39,7649413978796 5,2 6Lyn
0,576964852511099 -5,48171588751835 6,47490181469154 0,96 61Vir
4,10254536380389 -19,1697173764891 -2,85151174878561 4,87 7CMa
8,12788544973655 13,9767820422736 7,68351632188928 1,89 70Vir
4,18346114055078 2,60084404980062 -39,6955194337361 1 ABPic
-8,52869647481497 -2,39096547102604 4,00797317441621 0,7 AUMic
-8,52869647481497 -2,39096547102604 4,00797317441621 0,75 AUMic
-2,37239226889513 -4,66281826288261 39,6563977281071 0,86 BD+144559
0,823632388722533 20,7235602512072 34,2031530739906 0,81 BD+45564
13,4759017000442 -31,6917640882323 -20,3477802805755 0,9 BD+55362
27,7690900881743 -25,8256289457187 -12,724563852365 0,8 BD+601417
12,8474367658141 35,2214542228039 6,47993582293332 0,8 BD+631405
-21,4170305526195 33,7832917624699 0 0,84 BD-004475
5,27263345604919 1,55280420938918 19,5100170624081 0,69 BD-061339
-29,8551810424266 20,4008164718893 -17,1018961581522 0,71 BD-082823
-29,8551810424266 20,4008164718893 -17,1018961581522 0,72 BD-082823
-10,4128710119985 -31,9979703602315 21,6264192624028 0,91 BD-103166
-0,00383555049899156 0,0109105670272303 27,166497538293 0,64 BD-114672
-21,6559194404639 -25,0436653190511 9,55762819246995 0,69 BD-1763
1,86542175559598 5,24532479941434 -6,56428218047473 0,17 CDCet
-4,37989514771308 -7,85370321452361 -6,13592448398942 0,39 COCONUTS-2A
12,4286882148655 9,6274618005561 26,1622379544736 0,42 DECVn
-12,6301500353722 31,4207621637677 21,2888472006337 1,26 DMPP-1
33,500384385743 19,0838812442946 -10,655032738623 0,91 DMPP-3A
-39,529441771047 3,36691777391841 5,10755303184179 0,96 DSTucA
-15,9785166493157 0,857846073040487 -0,489067278102831 0,3 G264-012
14,4382958928461 -5,59151559426518 23,2426635054959 0,31 G9-40
-3,03968110423461 -2,06142347918541 -0,0135997214008002 0,16 GJ1061
12,1817189120906 -2,83993614996939 -1,62118968998418 0,21 GJ1132
-3,85650057873294 2,08777000751646 -10,103634206163 0,36 GJ1148
-3,24341161694793 -8,87451096801949 -11,1862415248174 0,21 GJ1214
10,0772381652759 -14,0052229463238 10,8333803673679 0,39 GJ1252
-2,60818498721639 -1,17470205635672 9,84536451337635 0,19 GJ1265
1,38648948869258 16,0299827663546 -2,73124502894181 0,7 GJ143
-0,353352017538935 -3,54352926128188 0,0915506665200569 0,38 GJ15A
4,00526123740285 -9,91420235304545 -23,5411065290701 0,66 GJ160,2
-12,1058415781396 6,75329092260952 -6,05913967899619 0,41 GJ163
-8,55265018407683 -8,26621081519589 -3,34554473704194 0,38 GJ179
1,22143188303366 3,17332148472825 11,4463291670156 0,41 GJ180
23,9521682727354 14,9673815823075 -24,023083337577 2,24 GJ2030
4,23416595699219 11,0492856544959 25,8652687736664 0,71 GJ2056
0,103813977853118 3,14633129256725 -4,81914110532306 0,46 GJ229
0,163298266277268 0,00448242676807475 5,57817847589884 0,36 GJ251
-19,8310732732297 -12,8014289651174 -0,323462088735862 0,52 GJ27,1
0,55339990132301 -1,63989315547013 -5,66295644907171 0,29 GJ273
9,51638273636844 12,5340785642203 7,78106412844042 0,9 GJ3021
-14,8907367093428 3,12027241608586 -6,68638364607096 0,47 GJ3082
0,166023978935719 -9,40667944790228 -20,4111963836722 0,52 GJ3090
-17,3597160358766 -21,088314124498 8,03321205871153 0,5 GJ3138
1,07158996276636 8,06502087500134 12,8354923348304 0,43 GJ317
-9,70756758338987 -7,10051863304305 -13,7104562908981 0,93 GJ3222
-2,85663248905269 10,5549346619341 17,3716525599838 0,65 GJ328
-7,71872745024524 -18,4495009229336 2,77225113103086 0,4 GJ3293
5,1174224933574 0,455503176914194 1,57905316753451 0,12 GJ3323
-19,7322675732057 -8,51026912316336 9,80153543434643 0,44 GJ3341
-0,965283800118931 -0,365456611098507 6,2478784242519 0,58 GJ338B
-20,783728814104 -8,62790321816371 18,9529596791579 0,55 GJ3470
-9,48057500636913 -25,3937401271259 3,75327154154958 0,36 GJ3473
0,324823669459421 7,36165557581034 5,97425581506178 0,14 GJ3512
-4,41871744779641 2,45000854592147 -7,97622531762684 0,34 GJ357
5,31499850815801 17,7710453864983 8,43798229076691 0,43 GJ3634
-0,186158653277496 5,03697518301358 -7,94932886968549 0,46 GJ367
5,68324918268217 -1,93351783318284 -12,362533579987 0,28 GJ3779
-9,74119040284076 -10,3763129886916 -6,88343145141389 0,32 GJ3929
6,9531973576176 1,04637379846762 0 0,43 GJ393
2,75167547883588 1,04317696995702 16,6709612067968 0,61 GJ3942
0,033756093597432 0,186144542700691 -18,1449138202794 0,49 GJ3998
4,00753410734091 -3,17766507631846 -2,46099861616667 0,37 GJ411
-0,58397499927822 -1,88644938848279 -11,7241518411743 0,68 GJ414A
9,00572802873928 -7,06187048996758 -5,42041967612333 0,37 GJ422
16,3829727852929 2,83900648796159 13,3705525434689 0,41 GJ4276
-3,62501242315315 -6,69281771449698 -4,92257290104481 0,5 GJ433
-3,62501242315315 -6,69281771449698 -4,92257290104481 0,47 GJ433
5,84291449461345 -2,32147094233272 7,45628782817837 0,46 GJ436
0,0809138521029424 0,219376335613661 -14,2338796050799 0,46 GJ480
6,97280806026159 2,50464010442335 3,20942366316216 0,33 GJ486
4,72371299448113 15,3174795841148 7,09638983892479 1,26 GJ504
-0,817322648557288 -6,31420384663372 -4,18250948590811 0,5 GJ514
4,202459087161 -0,969395215134219 -9,47370335072895 0,5 GJ536
-4,14263315770262 -2,37046324080101 -4,10920407800757 0,33 GJ581
-1,3720787927896 -5,17812474992165 -3,6328433300551 0,31 GJ625
-10,2771288653713 -0,689548808536957 -1,28110924015012 0,5 GJ649
0,289553556890226 1,87788395689962 -4,13312807250286 0,36 GJ674
2,62857252023485 -11,6445324050122 -10,6942326239187 0,69 GJ676A
2,62857252023485 -11,6445324050122 -10,6942326239187 0,65 GJ676A
-6,25730465471029 0,544394401214319 7,35660275647444 0,46 GJ680
4,67264537508675 1,79740336766047 -0,0535850417859653 0,3 GJ682
-3,51474221812562 -0,00779254231805632 -13,8773220279134 0,54 GJ685
1,95830109176773 0,417841560428632 -4,08502321125105 0,42 GJ687
-5,73746207331618 5,59408772413493 13,3350484716757 0,56 GJ720A
-0,587848073923262 3,12626737202574 -10,6361943311784 0,56 GJ740
-1,40399738603117 0,274450008923271 4,75376055929615 0,44 GJ832
-4,83200132713472 3,20613163236076 6,61987095546009 0,47 GJ849
3,70758521679271 9,71069050738915 2,87094595733226 0,77 GJ86
-0,451634409796541 -0,55804470187051 -4,61972152835016 0,3 GJ876
-1,86979994108527 -2,31700702139016 1,39979521471757 0,47 GJ887
2,74155057432961 5,54498489224604 0,963014767049868 0,39 GJ896A
0,856673719916277 -3,94432618193152 1,92308140964815 0,16 GJ9066
6,36295197972853 10,0080631626017 1,30851292964298 0,58 GJ96
-8,30243638002913 26,435506746847 13,0321258926921 0,57 GJ9689
5,34670377917327 16,3495629175894 -11,1736653570598 0,66 GJ9714
16,0158587163383 -1,38685590162399 -24,9267691706411 0,6 GJ9827
-7,95220045928901 6,7465302608742 -38,6166652793116 0,45 GUPsc
-9,18283356221358 1,95194698642591 -11,640555870785 0,56 Gl378
-6,717745031278 0,26187783515904 -7,20284593297622 0,51 Gl49
4,56509235910167 3,00539131247546 -6,05547453220378 0,43 Gl686
17,5081446091339 -16,0283573371867 -29,3722522035187 0,68 HAT-P-11
-3,69377561639906 -5,18673094472055 -39,4899207874968 0,87 HAT-P-17
-3,69377561639906 -5,18673094472055 -39,4899207874968 0,84 HAT-P-17
6,48348669202936 -15,7970170297563 -36,1720700717538 0,69 HAT-P-20
6,63360211609577 -38,1493517515922 -10,0310659402985 1,11 HAT-P-22
10,0917286685099 24,3158996822398 30,1146813883931 1,04 HD100777
-29,4213154121847 22,8218306501045 11,4667514878754 1,11 HD10180
3,72241953852891 -0,198177205858326 -29,7951182131277 0,86 HD101930
4,68328640926083 1,35081445411391 -39,2779225692932 1,23 HD102117
-10,8327484284843 -5,85917581431804 26,6284635347607 0,82 HD102195
-4,69057983844415 -3,88561046050048 -7,01380385300519 0,95 HD102365
-1,84085356808152 21,6010693310743 -33,6155479190062 0,96 HD102843
-25,3884765337464 28,9461108290676 10,8419521843045 0,88 HD103197
16,1268947392623 1,62164997078582 -36,5690240154288 0,73 HD103720
-33,1512802028033 -5,35737653218532 21,7322602967941 1,58 HD103774
4,87735021052897 1,87615538465519 -39,6571745828732 2,22 HD103891
12,6815052873665 6,55736381913681 22,3251988452505 0,75 HD103949
-6,32437128005018 -5,56055464337828 -18,5402932611672 0,74 HD104067
0,64522210378363 0,123838851087033 -39,9946040407422 1,27 HD105618
-34,5773651869007 -16,6442189224995 11,286088480586 0,94 HD105779
-12,7181248886296 -29,2482561538794 -20,9972149647109 1,1 HD106252
-13,3697959014597 -33,6522650951343 -16,9933402108037 2,66 HD106270
-13,9950933761331 -7,46946942377224 -6,99077123146275 1,1 HD10647
0,185564203768322 25,8793503407088 -22,1913308325376 0,91 HD106515A
5,91913470729362 11,6083839314766 30,4495777814135 1,86 HD10697
33,7871269555485 -20,620651508987 -5,76357384220578 1,17 HD107148
-7,19328452037576 -13,6909843364142 -35,7152629236995 1,21 HD108147
-10,3194839846874 -28,2035354524179 -26,4209923786747 0,88 HD108236
0,555021493712648 12,1197329734727 -38,1156663826469 0,79 HD108341
-25,400997419247 30,8873028292369 -0,873987438368222 1,05 HD108874
-25,400997419247 30,8873028292369 -0,873987438368222 1,09 HD108874
6,33922552598346 -3,20862861771675 -39,3639292007834 1,07 HD109246
-0,0228600199448576 0,00226038945366959 39,999993403876 1,29 HD109271
29,6377401609415 -2,96049814880771 26,6990600745311 1,09 HD109286
-17,9269251143903 -19,2681125852921 -30,1225031055447 1,22 HD109749
8,35386953044127 32,5323744662864 -21,7222806227542 0,87 HD109988
16,4330326707314 -20,3360618162855 30,2720998123171 1,17 HD110537
14,8377737236121 -36,6730304300902 5,91010236802742 1,47 HD11112
-10,4945127484411 -6,8584095029705 26,1025106392541 0,9 HD111232
-2,85838883191805 32,7525075539475 -4,7871812065323 1,45 HD111998
28,0144516692985 21,9790331919366 6,41131793130642 1,5 HD113337
28,0144516692985 21,9790331919366 6,41131793130642 1,53 HD113337
-0,281836625260554 -2,4284170106734 -16,097115077831 0,53 HD113538
31,4497672496882 -21,6703726797615 11,8872657857341 1,49 HD114082
24,4857830985584 -6,39164372315651 11,8050771728348 0,76 HD114386
-15,4225204219657 -1,4020929758265 13,0997873296168 2,14 HD114613
-33,2778176666321 -8,94756772687686 15,5513408685342 1,47 HD114729
8,18841128354955 2,19287970657753 -19,2816685762389 0,84 HD114783
-21,4464004075919 -0,0142858288511333 -32,5353490204475 1,2 HD11505
-39,5098079353668 2,50566064118541 -5,71810647519241 1,24 HD11506
-39,5098079353668 2,50566064118541 -5,71810647519241 1,34 HD11506
0,774935453951758 2,74514825240661 -10,6046770188685 0,73 HD115404A
18,0982160282328 -33,6170020400494 11,9311252794836 1,21 HD115954
-8,54124552332583 -28,0353729040431 13,7073558037834 1,07 HD117207
17,1098672740491 -33,3295523067746 -4,85574139595586 1,2 HD117618
28,3904498512182 -23,6002803973315 15,3951005976836 2,06 HD118203
14,9747463855874 24,0380969960737 17,962475472626 2,01 HD11964
-13,3610467377165 31,2450690682817 21,1004286447186 1,07 HD121504
-6,06880114022984 30,9103184438837 4,07320238977272 1,8 HD12235
-15,7278044068639 -1,61446689215148 36,7427498316822 2,17 HD122562
-22,7970680403856 23,8182122849326 -22,6492042313171 1,3 HD124330
-11,9526263668391 12,4039660332433 36,1009189575679 1 HD12484
-30,2308433376711 3,73397867410237 24,9059921688444 0,75 HD125271
2,66373799628 -18,3826697941932 -21,2169722706806 0,74 HD125595
0,276823517812551 -11,5788035286654 38,2864816558606 1,07 HD125612
0,276823517812551 -11,5788035286654 38,2864816558606 1,05 HD125612
-28,1551519542117 -3,25524192393136 -24,7842389193602 0,98 HD126525
36,1801203869172 -10,1662536779343 -4,48354098721845 1,2 HD12661
36,1801203869172 -10,1662536779343 -4,48354098721845 1,11 HD12661
-10,8588208681199 0,760194893232035 38,4903638990123 1,37 HD126614
12,3830056451495 16,0981139224512 -9,74772679869403 0,74 HD127506
-9,19810236563054 11,7952532256191 6,5505485919047 0,76 HD128311
20,7626615211969 -15,5067131885997 3,53939199336796 0,85 HD128356
-0,474950186909698 17,1307412574005 36,1429401998779 1,18 HD129445
-12,5224059611223 29,3139382633049 0 0,85 HD130322
14,2482669908368 34,0917398229162 15,3212324440438 1,34 HD132406
-10,8086772708947 3,30413161989027 -38,3699779761741 0,96 HD133131A
-10,8886745223247 3,30478830119594 -38,3472964031515 0,99 HD133131B
-0,509351336059244 -6,3162424078901 23,1612996032439 1,16 HD134060
-14,6863437491461 21,3507354775153 3,72434504458 1,22 HD134987
-14,6863437491461 21,3507354775153 3,72434504458 1,25 HD134987
-11,229315288774 -0,953814459019587 38,3795872323175 3,93 HD135872
-20,2289012730653 -8,42740714032365 -33,462970014268 1,68 HD136118
4,24199196180218 8,41209676439721 11,260695192679 1,06 HD136352
-6,8410112700855 -35,368812565417 17,3852714248287 1,19 HD136925
1,71339780016458 -17,2019972575896 -36,0715339059524 1,04 HD13724
-0,609572466986971 -4,53367994268981 39,7375662010741 0,88 HD137388
4,90691196039303 -25,339790126386 -11,4358376000039 0,78 HD13808
22,8604517174314 0,0795732220244628 32,8236715706413 1,67 HD13908
-20,9713973887792 7,88218400541856 -33,1371644361226 1,25 HD13931
10,4897695829198 38,5936748787655 0,702134922498549 2,34 HD1397
-3,68316954654297 -11,068144567023 9,82742823809453 0,95 HD140901
-4,87040071979707 -7,42983726576167 7,78885190980669 1,39 HD141004
7,23660556824044 14,3797027552808 33,3332652785394 1,39 HD141399
16,9734768088546 -13,9246113696602 25,1205627338084 1,03 HD141937
-0,100952635827658 7,6453550158829 25,0441268830924 1,41 HD142
-0,100952635827658 7,6453550158829 25,0441268830924 1,47 HD142
18,3196930592431 13,7932168709767 -25,4807403072462 1,04 HD142022A
-26,5760548318153 15,4659340481711 25,5835531854739 4,63 HD142245
-26,7849476064831 -20,7004422728548 10,7966236697479 1,04 HD142415
16,5838804113115 -6,22408195659882 -35,8641285172365 1,65 HD143105
-5,07215747348028 39,6721403986036 -0,628088176696059 0,92 HD143361
6,09200251101522 9,47450753737471 -38,381261213384 1,05 HD145377
-7,79930028290825 -6,56080735472538 -14,7544605201684 1 14Her
0,120771227315217 3,31743056848595 -23,2172789166588 1,15 HD1461
-8,07031710079878 -6,86364825321774 38,5714961409155 0,94 HD147018
-3,5530236470267 4,22198708323379 -9,24234832294672 0,63 HD147379
2,03926508559519 2,92381982270386 -12,4010179338245 0,98 HD147513
7,61179678774333 -15,4809188604766 -36,0888029851011 1,21 HD148156
0,0460212792644704 0,252873053327723 -39,9991742072353 1,34 HD148164
-17,592204833885 32,0515677656486 -16,2237891026316 3,86 HD148427
-32,1667654614894 20,2935116981483 12,3884051718795 1,41 HD149026
16,6760752218626 0,45337348684279 36,3552330163927 1,44 HD149143
-9,19235922903615 -18,0688377350164 0 0,89 HD149806
23,6358485874045 -8,89173403251114 -12,706677989875 0,96 HD150706
-23,3319376623001 -18,8903271053701 -26,4343758536996 1,17 HD151450
7,90285634978255 -15,3749570141328 -36,0715339059524 1,13 HD152079
-7,79931026498902 8,54708510454246 -38,2899215931052 0,86 HD15337
17,8058618309768 0,0355237960674924 2,19924531511984 0,75 HD153557
1,94825435779646 -21,7837689244295 33,4913677893929 1,28 HD153950
-1,33836007286375 17,5300657117208 -4,96681558930018 0,95 HD154088
6,86286661590727 16,800698223561 2,22311875820908 0,85 HD154345
33,6551171061179 -3,02351251026351 21,4054073699561 1,32 HD154672
33,122188420792 6,90069840824695 21,3377832891791 2,3 HD154857
33,122188420792 6,90069840824695 21,3377832891791 1,76 HD154857
-32,854153803734 6,30479689319687 -21,928386032176 1,76 HD155193
16,3016203075911 2,58731700055988 -36,435737485136 5,03 HD155233
-0,713805955390997 0,15782123446493 39,9933191110215 1,38 HD155358
-24,6428268498362 5,41212037585251 11,0927345089601 1,02 HD155918
-2,81030604446931 33,5353007690525 -21,6214195247585 2,76 HD156098
31,529202669684 16,6718811584282 6,16438057741706 0,95 HD156279
31,529202669684 16,6718811584282 6,16438057741706 0,97 HD156279
18,0553920979309 -18,1564990225844 30,7301864529467 2,16 HD156411
4,22473011847781 -17,5210942754725 -16,34697935724 0,72 HD156668
4,22473011847781 -17,5210942754725 -16,34697935724 0,77 HD156668
-32,4161774044989 22,6654587204931 -5,955537210838 1,9 HD156846
9,11733691141196 7,49135600011401 38,219808384179 4,5 HD158038
3,79856602361656 2,58654326264847 26,6565633597933 1,21 HD158259
9,68327383730951 -5,98738342196726 -38,3456053225142 1,12 HD159243
14,315237401387 16,4016217710428 33,5568291324074 2,13 HD159868
2,6424415649387 -5,92334810199365 -39,4706403525265 3,49 HD1605
-6,27202199539445 9,75469238394258 -10,4311284238064 1,33 HD160691
-15,8344164216766 -33,8177776948729 -5,78087550247299 1,48 HD16141
-0,185266987335458 -15,557237762489 -36,850210709639 1,72 HD16175
16,6391886992291 11,9954165797374 -23,0090346505456 0,75 HD162020
-6,41911250624504 -33,7094412715589 -20,554040084409 1,76 HD163607
-0,55399673882514 -21,3783058519914 -13,6929196109552 1,64 HD16417
39,1783900222234 8,0655908194345 0 1,11 HD164509
-21,0200556378607 0,335681167337201 -18,8767872037361 1,02 HD164595
-31,1309749566595 -21,3908313706258 -11,0798970397424 0,77 HD164604
12,6459812672279 6,15606111939762 16,9189973651857 0,95 HD164922
12,6459812672279 6,15606111939762 16,9189973651857 1 HD164922
-7,66349916077236 -28,9517407673808 26,5154197996416 0,95 HD165155
16,0636110193227 2,9303760347499 36,5153843922648 0,8 HD166724
25,6081468063996 -20,9449112482483 -22,4840723612269 4,3 HD167042
-10,1787397800303 -6,47323227827963 19,938145615926 1,21 HD168009
-4,53278594544853 35,6003399102482 -16,7979358880051 1,71 HD168443
-0,0338563644748115 0,053095700811594 39,9999504323835 1,09 HD168746
18,3224519002698 -18,7208813707779 30,0941652396866 0,78 HD168863
7,07702965760731 -7,68723435323444 38,3418521622756 0,77 HD16905
-24,74268677526 -13,3838525025957 24,9558194890518 1,94 HD169830
0,440550612830244 0,487404125735951 -39,9946040407422 1,24 HD170469
23,294594813279 -30,5758405333233 -11,0670605024976 1,01 HD171238
-0,318067243589096 12,470924443654 38,0049322687099 1,55 HD17156
-25,2215519203476 30,6298862580787 5,06787791352267 1,75 HD175167
32,7605986118238 -22,9424522027919 0,62214589734023 0,7 HD175607
2,19469203389152 -5,89319433353275 -39,5025769719343 1,18 HD17674
0,209150751324496 -0,0232970430410598 27,7835030134972 0,78 HD176986
-8,62123761998408 -9,48502403694904 11,041916560465 0,97 HD177565
-35,7013530844073 -17,2927929753958 -5,13543562442201 3,26 HD177830
-35,7013530844073 -17,2927929753958 -5,13543562442201 2,62 HD177830
6,5053512188037 33,3351286576121 21,1293540578139 1,08 HD178911B
-5,40147429963898 15,5525240771534 -36,4546714457819 1,63 HD179079
11,2156908257379 -1,55222617919805 25,0140399871766 1,27 HD179949
1,71474715608902 0,350231982416058 -5,6455339780465 0,48 HD180617
-20,42301352287 -30,0245573427273 -16,7757704746443 1,06 HD181234
14,4343565677504 -0,987361079134191 17,2632140421316 0,87 HD18143
17,0954738822258 -20,7268739838643 0,686727048503519 0,79 HD181433
17,0954738822258 -20,7268739838643 0,686727048503519 0,81 HD181433
-4,12739220375844 33,2013326582827 -21,9234154116188 1,5 HD181720
6,12299882774185 -0,405423922894451 39,5265039789534 1,23 HD183263
6,12299882774185 -0,405423922894451 39,5265039789534 1,29 HD183263
14,6402754208327 30,1602175526514 21,8179653675336 0,99 HD183579
-20,2285948720858 -16,088287123083 30,5281995365968 4,86 HD184010
-20,5452399743143 32,7638394960048 10,218803055049 2 HD185269
31,4506640319488 9,03365701918105 20,4090944654407 0,77 HD18599
-14,8083563029968 26,381209546527 26,1676205732529 1,27 HD187085
-4,65843039381619 -33,6642835697882 21,0953795414744 1,15 HD187123
35,1241950784769 -16,2066643546262 10,1801252735705 1,13 HD188015
-17,5369003280836 -24,715955294895 26,1070618941239 1,94 HD188641
-9,19673561683794 1,83455750283885 15,2532417214428 1,04 HD189567
-3,14625375608775 19,5082054906431 -0,372553723837099 0,75 HD189733
-7,86550246120952 9,84881344468526 1,66825764631666 0,79 HD190007
-25,7818803798716 28,6992163534007 10,5664386043118 2,59 HD190228
-9,19019246603846 7,49114100023123 -10,7537907996122 1,14 HD190360
-9,19019246603846 7,49114100023123 -10,7537907996122 1,17 HD190360
-35,2185036963324 -8,58516472479936 16,9101136613413 1,38 HD190647
-4,93412108054909 -4,84325817883991 39,3979352171606 1,4 HD191806
-36,293875460501 -16,7817359653177 -1,06204616095867 0,94 HD191939
-6,4614071132733 18,5423511704029 0 0,74 HD192263
1,58438672574243 -2,0233984582834 -8,41311471330372 0,86 HD192310
1,58438672574243 -2,0233984582834 -8,41311471330372 0,81 HD192310
19,5131936909067 -16,7547647465316 -30,6351616654709 4,41 HD192699
19,1963000104258 -23,1304989596097 -26,3909470044032 1,15 HD194490
17,4403503586174 -17,8526581003873 -28,2135168975679 1,48 HD195019
0,652526934275178 -38,1031056425535 12,1543222350097 1,42 HD196050
-30,7432558228623 20,2155900475308 15,522706516591 1,73 HD196067
-0,075024446938919 0,1312996379344 -34,1688653656723 1,31 HD196885A
5,47478400014655 -11,6254345835684 -30,6062771707849 1,1 HD197037
-23,1422685879108 -1,02220974575097 -7,35885067117734 0,92 HD199509
-5,95965590424575 -10,8913088731906 -18,7936552637253 1,8 HD19994
37,7500796824021 -8,23932351049179 -10,3462569106779 0,92 HD20003
31,89742379828 -23,4950621256206 5,5259759994188 4,92 HD200964
-2,15515254701682 -16,4011035609318 -36,4192136032984 1,04 HD202206
19,1071526472857 -16,0757982193543 30,2831880655575 0,86 HD203030
-14,1938389088195 27,0446314102096 25,8287213953069 1,13 HD20329
11,5065918988249 1,58105634019883 -38,2766064812832 1,33 HD203473
33,1082189068384 -6,64884109539515 21,4391873191372 1,19 HD2039
0,812996188730391 -21,5243755119992 -33,7051968695565 1,1 HD204313
0,812996188730391 -21,5243755119992 -33,7051968695565 1,13 HD204313
-10,5410569201297 5,58250422886064 -26,1220048578079 0,78 HD204941
28,887090897393 10,0548032750676 -25,7766737688447 1,88 HD205158
-21,2079164174997 -29,7168256045117 16,3442515037973 1,33 HD205739
16,2962029133173 -34,8719026133123 10,8804493811447 2,22 HD206255
31,3005632796166 -12,6339995349183 21,4629167200174 1,31 HD206893
-33,5277349580186 8,61400042518193 -9,77950906282221 0,83 HD20781
-33,5387242037901 8,50964836774454 -9,88740857856316 1,13 HD20782
3,77252724484197 25,9378143296337 -30,2158538848131 0,89 HD207832
3,77252724484197 25,9378143296337 -30,2158538848131 0,9 HD207832
-0,907050049658809 19,219056413935 20,7447402780897 0,78 HD207897
3,13311469852899 -0,851895803988806 5,04888438701143 0,92 HD20794
-26,0377622776342 15,4042386734198 26,1676205732529 1,2 HD208487
-0,0110440625843586 0,000957505994694138 -39,9999984638983 0,76 HD20868
-39,2540677047661 4,66269988374315 6,11370578485624 4,98 HD208897
-15,8555423083179 -21,1617077821396 -30,0130621871957 1,19 HD209458
-32,3295081011903 22,7800842895459 5,98921244374029 1,06 HD210193
12,9495123321914 -9,5176819748289 -13,9767650919102 1,07 HD210277
-38,186439036861 1,71271216578957 -11,7839929871523 4,92 HD210702
3,04939908792954 3,18521390303885 39,7562017500971 1,21 HD211403
-0,518444787644572 -10,2336313997416 -38,6652816280495 1,13 HD211810
9,1408140411865 -6,04660628374289 7,22638072646665 0,57 HD211970
0,864004743290178 0,772569160935931 -39,9832043825297 1,16 HD212301
0,356993470997348 -11,9802278736958 38,1621107350732 1,51 HD213240
0,381616052446165 26,8531568802178 29,6439257649004 1,43 HD213472
1,06654410394388 -20,5753185589673 34,2858389115879 1,08 HD213519
-29,0243642333282 9,23354853785325 -25,9292858029334 1,1 HD213885
1,28189944349751 4,30705958869208 28,7841276983725 0,83 HD21411
0,513989460005416 20,7186964409274 6,07611054735717 0,73 HD215152
-24,0079910397041 23,7786648398037 21,4054073699561 0,85 HD215497
-24,0079910397041 23,7786648398037 21,4054073699561 0,9 HD215497
12,0534051528564 17,79367015534 25,0200999635105 1,8 HD216435
-5,69150754095436 -16,0694429647034 -20,5364680691546 1,39 HD216437
-3,91709773312094 2,43730483928 18,9999103805676 0,76 HD216520
-0,705276295841317 -23,985695367966 -27,7187284937758 0,93 HD216770
0,135365405350721 4,19217736982347 -32,9894278535863 0,91 HD21693
-4,32227765895822 6,88488953276451 -18,3411025723783 1,11 HD217107
-4,32227765895822 6,88488953276451 -18,3411025723783 1,2 HD217107
39,1311472900093 8,29176168058367 0 1,27 HD217786
39,1311472900093 8,29176168058367 0 1,34 HD217786
4,39624172132795 0,34275520890707 39,7562017500971 1,21 HD217850
33,51701536916 21,0979960727614 5,61108211107582 1,33 HD217958
1,76123914603844 -11,5741346414839 -26,343052874169 0,85 HD218566
-19,2801495582442 3,60378487938979 21,6132948093256 1,91 HD219077
-5,45052362038421 2,17564692557099 2,86632875500828 0,78 HD219134
-5,45052362038421 2,17564692557099 2,86632875500828 0,77 HD219134
-22,6676069317987 -25,4017183608308 20,9983880405736 1,03 HD219666
-14,9518326362591 -22,2067907750374 -29,7203826403869 1,56 HD219828
-14,9518326362591 -22,2067907750374 -29,7203826403869 1,61 HD219828
-7,84967214552227 37,3002084838487 -12,1275345503212 0,98 HD220197
15,1137767800744 -6,16630376483952 -36,5178100291051 1,07 HD220689
-6,03077494023565 1,50384033289185 39,5141521214032 1,68 HD220773
33,49298467199 -6,9770695626138 -20,7253583341831 1,42 HD220842
2,88671258311633 4,28192916665347 -39,6652489349839 1,14 HD221287
-8,44163503421558 -20,1812970949756 -33,4881179750883 2,94 HD221416
-0,087546985642591 -0,898096973834504 -31,1284239819637 1,95 HD221420
7,83327574181954 38,6083526421862 6,93072127626085 1,85 HD221585
-22,6919182347872 11,4688254962616 -30,8794897717244 4,1 HD222076
22,1552170363825 -12,0164247638477 -31,0604554693838 1,85 HD222155
-10,0437166607645 -5,02666184524094 38,390837791482 1,13 HD222582
0,038154075453801 -10,4784918134095 38,6031054914347 1,54 HD224538
10,3852578948591 -38,6282154942278 -0,0859429390179001 1,93 HD224693
8,18553017451927 2,98725503186117 10,4361747061198 0,67 HD22496
6,80048110996365 -29,1585398028937 -12,9040576872583 0,74 HD22781
0,245498209187969 4,91853964942439 -33,0946985355106 1,07 HD23079
4,91291442512405 37,9113223423195 11,7726339494674 1,49 HD23127
-11,5553915846237 36,9363150149114 -10,1084894245006 0,68 HD233832
12,153007470821 -23,2795662155748 28,8795285459932 0,71 HD23472
-24,3556520894251 -11,8653794006677 29,428132509167 1,53 HD23596
-8,0667542474622 -9,69129341152553 -8,55124090894255 0,57 HD238090
-5,3287512391582 -9,23253935110574 -38,5533996861685 1,3 HD24040
-5,3287512391582 -9,23253935110574 -38,5533996861685 1,39 HD24040
24,491894218955 -7,37990828859562 -30,7519767042614 1,41 HD24085
-14,8099513512584 3,88052241090808 -34,158986750075 0,83 HD25015
16,6422475496021 -14,9914422034507 -33,1404927114604 1,23 HD25171
-10,4306260163788 -28,2188996513055 -26,3608752391871 1 HD25912
-0,846654485862044 2,45711613487237 -9,66207983465876 0,44 HD260655
33,4412858664136 -14,9280672205478 -16,0882941500837 1,46 HD26161
3,74332035134369 10,0984070183765 38,5228468371487 0,94 HD2638
2,12857402782666 3,1473326632433 -3,30442527793315 0,87 HD26965
-3,90589148800444 -13,4992692200908 -11,6756695040346 3,18 HD27442
20,2157549692862 -34,005792756841 5,91010236802742 0,92 HD27631
21,8424372156916 -21,4119365283275 -25,7766737688447 0,89 HD27894
11,6387920608437 10,4904947962709 -36,8033699312149 1,27 HD27969
26,5890176346117 19,6546459362147 21,3909868673314 1,03 HD28185
-16,3114162741118 -14,5842844491597 -33,4848674215479 1,07 HD28192
-37,4527768515968 -9,0682931952369 10,7263956961187 1,48 HD28254
-14,4581958629353 26,786609301235 25,9506865907628 0,69 HD285507
-0,308378350432322 6,26722247481708 -7,0933947054025 0,48 HD285968
-27,6092049216175 -10,1709103166877 -9,7419825567502 0,85 HD29021
-10,8257344264679 12,1118317463581 -36,5527975109361 0,95 HD290327
20,008698353511 -17,7281406269149 29,7550839372121 4,5 HD29399
-0,0473158500848382 -0,286213733912148 -31,2693543489285 0,57 HD29985
1,02126412906853 4,81899952942098 -39,6955194337361 1,02 HD30177
1,02126412906853 4,81899952942098 -39,6955194337361 1,18 HD30177
-7,1808686110948 0,746836267182764 25,1437321348724 1,61 HD30562
38,1238473703371 -5,24155783176989 -10,913218277825 0,91 HD30669
-4,89770450600412 -33,4402575458124 -21,3953655225052 1,75 HD31253
-1,71107397909823 20,6749276613768 32,3699624547958 1,07 HD31527
19,9211957264863 -16,2675391672337 -30,6351616654709 0,87 HD3167
-0,315572129150224 24,3108413896372 29,3063676206931 1,11 HD32963
2,4482751814382 -11,2245351201319 38,314693786756 0,84 HD330075
34,9340600281173 11,2015334059927 -15,9416780580442 1,11 HD331093
-0,409815949474322 0,880268522936536 39,9882129910188 1,28 HD332231
-0,919829976359633 26,2851663325391 -30,1370858525728 1,97 HD33283
-9,37690283013329 16,1000980687916 -9,58608027817058 1,44 HD33564
-19,1362164395034 -23,2042698475693 26,3698138260713 1,38 HD34445
5,54248037163229 14,5829137623637 36,8323164833484 1,76 HD35759
5,71818719720113 2,51405854402789 9,21622991113858 0,87 HD3651
-10,6328328723543 6,71079468746795 29,0599208417923 0,95 HD37124
-37,8664946027552 -7,04707994190556 -10,7919993880606 0,91 HD37605
8,49011574699357 8,43635499344038 13,3449363066035 0,83 HD3765
24,0564572859753 -15,1493487304675 25,3073483032247 1,49 HD38283
5,36371480831996 -20,9011694682142 33,6804346515303 2,86 HD38529
-3,05000545799538 4,43718246275998 -39,6359543659336 2,03 HD38801
1,98181729917313 -1,14526755537563 18,1262508660589 1,19 HD39091
-4,4046300659034 -16,2433180069131 -20,3569571822223 0,78 HD39194
18,1586066592215 14,133929106181 -3,3941125831539 0,74 HD39855
-10,5114154628092 -6,47944783475249 3,8567808357408 0,72 HD40307
-34,069190384307 -0,641020869778044 0,944222268512595 1,21 HD40979
9,68087448908719 -21,5847993480695 28,046729973368 0,85 HD41004A
10,5539011038211 -23,5313284891918 30,5759995915835 1,04 HD41004B
-5,78001649807362 -29,6425287889966 26,2280745819342 1,08 HD4113
5,96182898829863 30,6714321764698 19,4381605590265 0,82 HD42012
2,76847192753865 -15,5288492811024 36,758541907851 1,42 HD4203
2,76847192753865 -15,5288492811024 36,758541907851 1,5 HD4203
2,63708664875105 -22,354173425562 -25,7399655041897 0,85 HD4208
7,51546591847448 -22,2298253307884 -6,44855018053571 1 HD42618
-2,07873662620755 12,1516878062957 -18,2403614859242 1,02 HD4308
-20,0193015926665 22,7326140382306 26,1238554338884 1 HD43197
-31,4596749136781 -23,7780925816364 -6,70008712665857 1,6 HD43691
-23,206519535974 -24,4860473411158 21,4916480669839 1,32 HD44219
7,48170083628317 -19,6722706375273 -6,24250837406255 1,08 HD45184
-37,2919685397282 7,53508781929341 12,3503657430644 1,26 HD45350
-17,4367029795797 25,9061425922024 14,3188854731921 0,89 HD45364
29,143501522434 -2,43540502003185 -18,9613662010492 0,94 HD45652
-6,78831532488774 8,42541910689357 -38,5088442818411 1,28 HD457
-5,34562398432262 -6,92817085355965 -28,2276221324454 0,91 HD46375
-0,820652812709161 10,6601892011029 -35,8990767279283 1,08 HD47186
16,2680551113803 -4,28188294316492 36,2907131557665 5,4 HD4732
14,9609151531178 -30,209496286399 21,5303820658914 6,2 HD47366
-22,3827095087895 12,9335925896295 30,5243590886136 1,9 HD48265
18,6920917293169 -19,0758042849371 29,7778339988922 1,02 HD49674
-0,0542487648157966 0,0425003081207232 -39,9999406348975 1,35 HD50499
-0,0542487648157966 0,0425003081207232 -39,9999406348975 1,42 HD50499
-13,5576552655718 -0,0737873391126217 -28,0629476015706 1,02 HD50554
-0,424794913333578 -0,0176146194914763 35,0527216788766 0,92 HD51608
-1,42497455424749 -8,38404329285058 28,7488374316833 1,32 HD52265
10,366499804796 -0,200830589199626 -38,6328273476277 1,19 HD5278
12,1538790504905 36,3167970472419 -11,5487434924969 1,52 HD55696
0,233813595743462 -0,521006413472001 39,9959233362547 5,14 HD5608
-30,1839813395912 24,0410233585422 10,533587535367 1,01 HD564
21,3996844494598 -15,6271867760608 -29,9640541137153 1,78 HD56957
-23,7598673224935 -10,4871875367158 -0,107744824747937 2,57 HD60532
25,3646693756472 26,5201435308818 15,915889374004 1,44 HD62364
9,93770302543998 0,897535498774726 2,7114735120595 8,9 HD62509
-11,0554302045562 1,74929182136824 38,4020499598118 1,23 HD62549
2,21559273317343 6,45315928466386 21,3392759093992 0,91 HD63433
5,52066331387937 -31,6169379990852 -19,7580965808144 0,77 HD63454
20,5059563350505 17,9514688513689 17,7748680620514 0,83 HD63765
-4,19572481238498 36,2360067702548 16,4118160678452 0,96 HD63935
0,0240555405148526 -0,137436091885882 31,5258912497588 0,88 HD64114
-9,8081298642329 -4,83546639898797 -38,476211524403 1,12 HD6434
19,913993993318 -28,4153125114298 -5,42700454780297 0,88 HD65216
19,913993993318 -28,4153125114298 -5,42700454780297 0,89 HD65216
1,81560823144787 22,0064125573975 -33,3529814724788 1,13 HD66428
1,81560823144787 22,0064125573975 -33,3529814724788 1,17 HD66428
-30,0851766104994 20,8535246154939 -16,1249080439564 1,55 HD67087
1,85705159785088 5,5157751136365 -39,5743298649353 0,95 HD6718
-2,49544288879263 5,97405250468299 39,4725659345838 1,02 HD68402
-4,75499261156712 8,68144736072796 -38,755935248512 1,19 HD68988
-4,75499261156712 8,68144736072796 -38,755935248512 1,26 HD68988
18,5809535847708 31,1451628255578 16,8738554115556 7,72 HD69123
5,14619221751021 -9,24154625258286 6,77063670062197 0,89 HD69830
21,2873920476058 0,943517810960903 33,8519824227759 0,98 HD70573
7,57069615916434 -2,32287638333925 -28,1846231298795 0,98 HD70642
-14,7133067407038 33,0145135030086 0,779193508459079 0,97 HD7199
-20,7598145859205 6,24700219811074 -33,6155479190062 1,46 HD72659
-5,72582894815569 0,489594309105775 -39,5850373281238 1,22 HD72892
32,5398666738521 8,9601893654377 -21,4679315115226 0,91 HD73267
32,5398666738521 8,9601893654377 -21,4679315115226 0,96 HD73267
34,4265821147349 19,3790828912307 6,26590697283517 1,53 HD73526
-18,0743582328053 -28,7590194864859 -21,1243076252962 2,58 HD73534
-18,2500125979497 -22,1982164732109 -13,0624064070579 0,65 HD73583
-5,85684252803294 25,1379043612564 -30,557865761963 1,51 HD74156
10,1389190485609 -2,35852172465379 37,2342576104461 0,97 HD7449
-28,7534119731565 0,830959004302065 4,50340056791642 1,23 HD75289
14,6461209256735 32,9126644213984 17,3852714248287 3,4 HD75784
-0,0459508634805021 -0,809727137078246 39,9917770358061 1,58 HD75898
-1,58653486148133 -39,9544110842007 1,06204616095867 1,37 HD76700
-38,6829065347048 -8,38726020365751 5,769454766565 0,97 HD77338
-1,05128032994844 13,8705274814767 9,75900291492235 0,78 HD7924
-17,8398406700116 -11,1579381912029 -34,0182377584421 1,05 HD79498
-29,1854118817471 25,3236146987914 -10,3405160354758 1,04 HD80606
0,611223338322842 -0,401039293198521 39,9933191110215 1,06 HD80869
3,48278792304711 -26,2058441393214 -22,3239790906252 0,81 HD80883
30,7629377177144 -3,961703192905 25,2576042170938 1,65 HD80913
-12,3614748785471 5,61947746347842 31,6436826977283 0,91 HD81040
16,0373307882412 -16,5875660034565 15,1286420841232 1,18 HD82943
-2,22033361917243 19,984726807711 -23,1802433870038 0,78 HD8326
21,5013429895808 -4,67873980061782 33,4036172221291 0,94 HD83443
18,4087100552463 -34,9621418998435 6,22639766454752 1,19 HD8535
-9,75079361178388 1,41245433549807 32,0419257058705 0,8 HD85390
-6,1650689246935 -0,788110852879732 9,41444461651094 0,71 HD85512
29,8716738366905 -24,5613347828757 10,218803055049 1,38 HD8574
-7,73441022353314 -25,0341850012796 30,2236410747583 0,78 HD86065
-1,66273048759796 -16,3008611291518 36,4899609998931 1,05 HD86226
-0,461574022581922 30,0696555585263 -26,3742822464094 1,88 HD86264
29,1175418346642 -14,1786199855098 19,6127245537963 1,5 HD8673
-6,77055799291111 -8,08340358064239 -38,5852061160373 1,55 HD87646
-2,92075552901881 -15,3321152456962 9,53747485828381 0,8 HD87883
-0,305137547216897 -15,0711518660327 32,592652677379 1,03 HD88072
-4,34183788929169 26,114210592617 -29,9866044904647 2,2 HD88133
-21,5754521814938 -16,3663748358487 -17,0677282043209 1,1 HD89307
-1,30038941735744 38,0487319691341 -6,58592346328274 2,13 HD89744
-7,53203130043048 14,7851941428745 14,3684194957847 0,92 HD90156
-34,4859578731698 -19,4193288064869 -5,79727334835157 1,67 HD9174
12,7583077253573 6,65468062951533 -31,5250164812684 1,14 HD92788
0,0420808651088018 0,0494540023064552 -28,5158260675094 0,85 HD93083
-2,4780273282538 -21,6386879277144 -33,5503586467777 0,91 HD93351
8,98661887120805 38,5507113351296 5,75181161193193 1,18 HD93385
33,0714239095066 -21,9434087556073 -4,97671907807281 1,04 HD93963A
6,64222682433425 28,7638081652763 -26,9911867587418 1 HD9446
10,0771513839634 14,0971352840041 -36,0516545635449 4,2 HD94834
10,9328139179309 13,7539549231572 35,9346949869852 1,49 HD95086
2,43683589319583 31,3336634296904 19,5147841831396 0,87 HD95338
-30,7057692766371 5,63227496672231 -25,0086627357234 1,09 HD95544
32,1216819691564 -23,8367397368768 -0,0859429390179001 0,84 HD95872
33,1197486357683 -6,41804593847928 21,4916480669839 1,94 HD96167
-3,31618409916313 -1,68279565578989 25,1375242418841 1,16 HD96700
-12,2200636327668 -21,3325439428313 -21,1233326617346 1,26 HD97037
11,4191628860314 -18,101312015133 -2,61848077195218 0,73 HD97658
-17,9837424590867 -11,5015739416931 33,827485925339 1,01 HD98649
14,8884117852364 15,6082215135154 -24,237471867096 0,93 HD98736
3,1813712536218 21,8170846612575 -33,3750459749519 0,98 HD99109
8,22112121139662 -16,0569200785546 2,44270711679376 0,83 HD99492
-16,7490208982611 -16,3179964635112 3,49337285820549 0,51 HIP107772
-10,6417512240696 7,27762200482742 37,8654109820541 0,83 HIP109384
-29,4888904437015 -0,536129325986154 -27,0206940278222 0,97 HIP109600
-20,0425135383303 34,6164361404499 0 0,72 HIP116454
8,35793369581706 9,31117485536064 19,739569603951 0,65 HIP12961
17,3264805603676 14,1583066353784 33,1562275388773 1,07 HIP14810
-3,72865711257743 -25,9610729292337 -30,201321303874 0,77 HIP19976
5,38267248895387 -10,42149788091 -38,2415901708447 1,59 HIP21152
-6,25653338472523 2,55826038702771 21,8154244459736 0,62 HIP34222
20,0780944372687 -25,8674807293497 -5,20357213122321 0,77 HIP35173
-9,54264384278596 -28,364027896723 -26,5409093658009 0,7 HIP35965
11,8112083098108 -13,0850832447853 2,38961183025487 0,63 HIP38594
17,6655985168624 -2,12944783534418 11,3354473982097 0,6 HIP4845
-1,36229002468962 -6,98358337679063 -7,76211421895122 0,6 HIP48714
27,8381775531799 28,7227821197011 0,194056233627375 0,75 HIP5158
-17,3422599399931 -6,51954696339132 -2,65709047754193 0,56 HIP54373
-7,16163187910016 -8,61037918155282 22,8970918168255 0,72 HIP55507
4,07150177663047 1,00418474715382 -25,5195451667242 0,78 HIP57274
4,07150177663047 1,00418474715382 -25,5195451667242 0,68 HIP57274
-28,5565675344741 10,5716444476077 -9,52087930878165 0,75 HIP5763
-32,9045493764348 -6,19181543028173 21,8849732010594 0,72 HIP65A
-25,5663400037132 -0,666669878392849 -30,7557768571658 0,95 HIP65407
-15,862840566267 -32,7622994354873 16,5831850037519 5,87 HIP67851
8,54765188348942 5,32455926085296 -21,8480110718652 0,63 HIP70849
0,603744231241898 4,81686470894428 -31,9645637306216 0,68 HIP71135
38,4348642536085 9,19150147244035 6,18688212986272 5,77 HIP74890
-26,5600272782747 -29,3782352860084 5,61108211107582 4,53 HIP75092
-2,79825437829363 -9,0642720472978 11,0090596531646 0,48 HIP79431
-13,4817357701781 36,0302365065566 10,9574110949937 3,94 HIP90988
9,51296074878417 -3,80783067056634 -38,6652816280495 0,89 HIP91258
-10,7414652442907 36,6263912795458 11,9636276372724 1,08 HIP94235
-9,5406149355794 2,06937088154578 -33,4570947049443 0,69 HIP948
4,38087699507747 5,93951601281373 -39,3132301685772 0,84 HIP97166
1,97920567673286 -1,33563630845312 17,9605814633249 1,01 HNPeg
12,7389900854266 -29,9434696214733 9,87874531715986 1,47 HR2562
24,8939047161695 -17,3660518650389 -8,27583198796674 1,53 HR5183
-16,309185907973 3,28404460955452 4,81062299828512 1,13 HR810
2,43501253216357 -3,76985681698973 31,6473725536197 1,31 HR858
-5,97931927731218 -21,1122372681016 33,4442996415734 1,49 HR8799
0,342966868748358 0,000543968508782353 39,9985296408635 0,67 K2-116
11,0012126337721 11,6094898244278 36,663238626764 0,59 K2-122
27,2950201413098 3,35979752202931 4,03665388489773 0,36 K2-129
20,3028395856435 34,1146721504623 -4,89733078585683 0,46 K2-133
5,23300820551186 39,6437596504175 -0,99395467752442 0,66 K2-136
-2,09472454190581 -38,2125590665781 11,6366858974889 0,29 K2-137
12,8411598257803 -17,6334954180419 -33,5285617596499 0,68 K2-141
-13,5083606424423 -37,1105356564453 6,35077444453957 0,33 K2-146
-3,6017240356312 38,1678030202909 -11,4125543405247 0,31 K2-147
-32,7449845265881 -16,0380758582871 16,4482859629001 0,45 K2-151
19,27865382056 -10,6183940255486 33,4003475309046 0,58 K2-155
-23,7265345362197 -10,7549878022533 30,3542714667138 1,46 K2-167
17,2076048195131 34,039169873727 -12,0512758944033 0,68 K2-174
-27,8314523548 6,4460130079909 25,0974397834383 0,41 K2-18
-4,71486895303821 -1,64505307957903 39,687073602384 0,75 K2-184
-11,0642890265603 17,9321063110088 34,0003098748734 0,71 K2-209
3,02576058129305 4,83902453371555 -39,5907642571698 0,65 K2-21
-6,98716364201095 -15,3541267474966 -36,2688617971611 0,71 K2-233
18,7471045880978 7,33121817376167 -23,6869229251422 0,36 K2-239
0,94717538044607 -11,3126031478796 38,3552847573481 0,54 K2-240
-27,7917439189007 -13,1567768223177 25,5835531854739 0,29 K2-25
21,2011356725809 -4,68668015898411 -33,5938517482024 0,5 K2-257
17,4213981713256 -0,72828297835453 -35,9995067974489 0,52 K2-26
26,2074462539414 30,2186988609167 0 0,7 K2-266
-26,1940055746997 15,2566566760214 -26,0980554643945 0,29 K2-28
-24,0966460735798 -29,8804402820618 11,2477080578565 0,62 K2-286
11,8976561251788 -23,6484530119718 -29,9866044904647 0,32 K2-288B
-11,1931064907041 -19,4129677492152 33,1338354292963 0,9 K2-291
-19,5871829422853 9,52447893892553 -33,5503586467777 0,56 K2-3
-4,19959469938187 16,0753939164146 -36,3860565985519 0,2 K2-315
-13,3957401444621 10,7142138960396 36,1352980695048 0,58 K2-321
6,4582583710819 21,0056675175207 33,4223402974078 0,49 K2-344
31,5172301461253 10,6091745956943 -22,2285766146698 0,41 K2-354
-3,1825426911416 39,873191771152 0 0,35 K2-384
15,755869977256 -34,8907057820296 -11,5927223416956 0,63 K2-394
33,338770929585 21,5085932096035 5,0898694529875 0,38 K2-400
-0,794858206284053 -39,6186463559106 5,45261967839271 0,96 K2-406
-33,0561338245949 -6,84474117331492 21,4579014547276 0,84 K2-65
1,57189186593227 -36,2106727627608 -16,9208845522351 0,33 K2-72
-26,1816737654309 5,99951605143282 -29,639935323633 0,68 K2-85
13,8931046026535 7,92392439998569 36,663238626764 0,32 K2-89
37,7788919615729 13,1436418908841 0 0,31 K2-9
15,8854012277429 6,45833544155199 -36,1378462440419 0,28 K2-91
3,07210733227241 36,0461244507301 -17,0657278960341 2,69 KELT-11
-1,46927684401664 12,5029034646368 37,967336363111 1,51 KELT-24
-1,75519697300767 1,15199865058984 -3,32581794412802 0,29 Kapteyn
4,83709321823672 22,010895326918 -33,0472845496502 0,44 Kepler-138
-37,0438744507762 -13,542050129387 -6,6606489149556 0,3 Kepler-1582
29,461682051591 1,45883287814529 27,0163116898774 0,65 Kepler-16
37,2186005225261 12,9517076251981 -6,85777257832369 0,23 Kepler-1649
-16,0859005380528 -19,6442807726006 -30,9086725177111 0,5 Kepler-1651
10,0930880393305 38,6976553622988 0,788062999429954 0,79 Kepler-37
10,0930880393305 38,6976553622988 0,788062999429954 0,77 Kepler-37
11,5409939057714 -22,6154686632809 -30,9086725177111 1,23 Kepler-408
1,04158040357469 17,3640429449244 36,0195103085774 0,89 Kepler-409
-39,9391883993132 -2,07403488806947 0,748070375858263 0,17 Kepler-42
-26,8266220418819 -23,8378930138511 -6,3191498353976 0,75 Kepler-444
35,2219676352283 -18,9383075357444 0,868045842392134 0,24 Kepler-446
-11,8839466498373 17,0808830525781 34,161604853519 0,33 Kepler-504
-27,8970878402933 25,9949143318101 12,0837460629067 0,98 Kepler-93
-27,8970878402933 25,9949143318101 12,0837460629067 0,92 Kepler-93
6,15552308009377 23,2720736006211 7,28165545035654 0,6 L168-9
1,93418023567544 -4,10749293619059 9,59995338296322 0,3 L98-59
-2,83723306108561 10,9548132327342 -9,82473250541689 0,21 LHS1140
14,0700937258343 5,24312498074309 10,3338039822006 0,25 LHS1478
3,23381796996185 -4,3912240138188 -19,1155017783372 0,33 LHS1678
-0,302215838705693 0,00489238121456604 29,8408692804255 0,5 LHS1815
5,29969385036864 13,7944730257714 1,7824354668904 0,19 LHS3844
7,11475348048728 32,9518274304876 21,5303820658914 0,58 LP714-47
17,443129443378 -18,485809519673 7,47497390724054 0,17 LP791-18
-8,33741134031444 -29,933117324598 -9,28374856479047 0,16 LP890-9
-1,82164940046603 7,33750103498815 15,9263616093987 0,43 LSPMJ2116+0234
-0,600367329688287 -6,5724331678932 1,90521033671361 0,27 LTT1445A
-0,0572549737351215 -0,0489104311802078 21,9812710187037 0,37 LTT3780
26,1869438844273 15,2533697670463 26,1070618941239 0,95 LTT9779
-0,70381964588858 -0,505771718492127 0,97052990213326 0,14 ProximaCen
10,4214165367089 -8,78578158721407 16,2261526502798 0,19 RRCae
1,79818063713944 2,85553263119454 0 0,2 Ross128
8,94911777670599 3,91358690598094 -6,0879731362728 0,56 Ross458
-0,159904379110678 2,96161257782668 -10,8108328827339 0,21 Ross508
-31,1714863426202 -13,9909839534883 -20,7988174472751 0,84 TOI-1062
-30,4569234631442 -25,3576727578417 -5,41887861705629 0,73 TOI-1064
10,9930460309953 -19,0174565978301 -33,4288690133254 0,58 TOI-1075
34,8486971090609 18,6357398380669 6,18688212986272 0,69 TOI-1130
-0,867689251758345 -5,25956737742171 -37,5102174450475 0,51 TOI-1201
5,27331317900144 -0,321125730255609 -39,6495781362367 0,33 TOI-122
-4,22969762250367 1,46122976069851 -27,2578066046892 0,48 TOI-1231
5,86078446007612 38,9778998661954 -4,1554924838547 0,62 TOI-1235
-22,5834021682883 -1,45564395910533 32,9828902185614 0,65 TOI-1260
20,195483590294 1,55128305332146 29,7755890400617 0,42 TOI-1266
-35,8640480708273 -1,27548036132211 -17,66757498417 0,57 TOI-1278
-28,7822586640942 -14,553252084339 3,81993884805196 0,66 TOI-1411
-1,17092638579732 -7,08764600475054 -39,3496404749826 0,31 TOI-1442
-9,12775649364615 -20,2586420856305 -20,924032395287 0,28 TOI-1452
-14,2891674207643 -19,8152707677773 3,903510065446 0,34 TOI-1468
26,9311129542932 -4,28170714715484 -22,3742931935091 0,45 TOI-1634
18,2183326925482 -10,4562560756536 -31,2036833863246 0,49 TOI-1685
18,3078317635274 -18,7821942043733 16,1358614606591 0,46 TOI-1693
38,7259692814265 -2,68212183753458 9,64912046057228 0,53 TOI-1695
19,637382417581 -16,2883472977671 -30,8068653727217 0,28 TOI-1696
32,7007140055626 1,18495092098228 23,0056339804246 0,97 TOI-1710
5,04509026069043 14,2933043866843 37,0168679654435 0,62 TOI-1728
15,5635030426669 -0,098655613667159 36,8478987204262 0,55 TOI-1749
26,8425948913395 3,4101084474764 -29,4592304698525 0,6 TOI-1759
3,15250621161414 5,1190755736906 39,5456289601844 0,65 TOI-178
37,2031460240462 8,36116062521729 12,0837460629067 0,68 TOI-1807
14,6389947086318 3,93081670261688 37,0168679654435 0,94 TOI-1860
-2,39275580253026 -26,6850539416931 29,7015591476001 0,35 TOI-206
-8,44800631190616 -6,05801904592239 38,6255303470805 0,77 TOI-2076
-33,8425552578778 -14,6373499880449 15,5057872726594 0,53 TOI-2081
-0,0132725078398233 3,83873917473969 -33,1415199862477 0,34 TOI-2136
8,35243499720196 6,94727804119788 38,4963914859017 0,86 TOI-220
-1,71738040470284 0,0665723986336662 39,9630601013146 0,31 TOI-2257
4,08616926520167 -1,95282780136745 39,7427941181081 0,46 TOI-2285
-5,31782422799649 -28,3890655748128 24,80886356283 0,21 TOI-237
32,2340421640898 -22,9527571734245 -5,84272743686503 0,2 TOI-2406
2,76060357398937 -5,03352009080289 -39,5858907112466 0,68 TOI-2411
-11,4127711148557 23,2851484530416 11,8591160332349 0,65 TOI-2427
31,4446281963082 -24,7231745048232 0 0,27 TOI-2445
10,9350550819182 28,4311690912528 25,9247602584866 0,88 TOI-251
-35,4947505383568 -14,7195060446553 11,1112027261308 1,87 TOI-257
-30,1218109214225 -14,4679708042891 21,9853207304399 0,4 TOI-269
12,8506881622745 -10,8028778987001 -14,949132795977 0,38 TOI-270
16,009551390273 3,70539344075034 -36,4686759251204 0,36 TOI-277
27,1863376861478 -20,2572243984737 -21,2261137018678 0,3 TOI-3884
2,59008454478798 16,2697625700088 36,4497776120293 1,16 TOI-411
5,77931362152617 1,00152706927986 -39,5676190538873 0,87 TOI-421
-0,356745681323334 21,2395914696346 -24,6873690919442 0,73 TOI-431
-6,13905837301639 15,9727785845633 -36,1549762353844 0,45 TOI-4479
-38,3889210771428 10,0131822053208 -5,10165861813034 0,68 TOI-500
-8,50411745774508 -10,9796307410288 -1,78586110756962 0,19 TOI-540
32,8181748161329 22,8684805297104 0 0,66 TOI-544
-33,2848787481394 -19,5086730229908 -10,5607065863837 0,85 TOI-561
-33,2848787481394 -19,5086730229908 -10,5607065863837 0,83 TOI-561
-19,3882824306243 -20,0161436226041 17,7193011284202 0,55 TOI-620
-1,8466080084324 -5,11247621168879 39,6289367236633 0,42 TOI-674
16,4623687973475 -4,9731015455189 -25,9445114975803 0,42 TOI-700
-5,68598494955877 21,4590612100537 -33,2742883791158 0,67 TOI-712
10,4482106690187 -3,35542842602043 -38,4652569716317 0,9 TOI-763
-18,2757379354201 9,81344977232614 17,5473057901172 0,54 TOI-776
-22,7748197245753 28,0075708242352 -17,2303094295646 0,7 TOI-824
11,3383949584784 24,1432131494827 29,8084897065282 0,6 TOI-833
7,76756401751209 -15,3344671286495 36,1181265725981 0,67 TOI-969
1,69259827604922 2,95626501987297 11,9539846394628 0,12 TRAPPIST-1
-15,4147371837269 -1,30642026569581 -0,369051495061864 0,5 TYC2187-512-1
15,4464971066582 3,74843644913558 -36,7063339400817 0,95 TYC8998-760-1
-2,76139182306943 2,38937167688113 -1,15779687234141 0,11 Teegarden'sStar
-33,6399992717346 3,70038931810679 21,3227007644936 0,67 WASP-107
-1,16506676909437 4,74540047608159 -39,7004256116374 0,68 WASP-145A
-34,5274657802667 19,2078040032479 -6,23813851764502 2,36 WASP-189
10,5605417023 -2,83832797318818 -38,476211524403 0,79 WASP-29
20,5473769945529 29,9801822361073 -16,7031126360782 0,6 WASP-43
7,04632392522786 8,29706008549863 38,4903638990123 0,86 WASP-69
6,82598373264198 -35,7547748029972 16,5831850037519 1,03 WASP-8
6,82598373264198 -35,7547748029972 16,5831850037519 0,99 WASP-8
0,0537527307112044 -16,2446946652882 -36,5527975109361 0,59 WASP-80
2,31868429010945 -22,6835736945522 9,58874008494439 0,01 WD1856+534
6,23831425895059 -7,34908087105532 -3,01404139939427 0,09 WISEPJ121756,91+162640,2A
-2,97464525140551 2,0826668658633 2,31407247088889 0,31 Wolf1061
33,6619424727474 -18,3509458654149 11,4068582355552 0,69 Wolf503
-2,69090042992203 2,3437548934726 1,02241457367775 0,16 YZCet
6,15816186748294 -13,5273198717858 -12,9970032369108 1,54 betPic
6,15816186748294 -13,5273198717858 -12,9970032369108 2,01 betPic
2,86084211248275 -0,517852974272933 -1,34315206305239 0,76 epsEri
-1,65307187910317 -2,5959890785759 1,94097545356271 0,78 epsIndA
0,653403651863258 -0,108109121598168 14,0868400234247 4,9 gamCep
-39,7809248950305 -4,11319890215707 0,748070375858263 2,31 kapAnd
-15,6917793874543 22,0847766681819 -13,036139657966 4,85 kapCrB
0,62542788439561 -22,0000881160104 5,63461057121082 1,26 psi1DraB
-0,016645357069277 -0,231308129584582 17,4655604516796 1,36 rhoCrB
-3,62053516705244 2,13163281333906 -15,0776689532312 1,43 tauBoo
-1,75188163257794 -2,10311616468046 -2,3430130995997 0,83 tauCet
-7,85722951347156 10,6404526325089 -2,17932588383792 1,56 upsAnd
